tool,operation,count,mean,std,min,max,p50,p90,p99,success_rate
Chemeleon,generate,5,66.71441392898559,14.517464261161408,52.65488004684448,85.72616314888,66.53406262397766,81.83607001304627,85.33715383529663,1.0
MACE,energy,3,68.88345170021057,21.404017001602583,52.60143733024597,93.1273763179779,60.92154145240784,86.6862093448639,92.4832596206665,1.0
SMACT,validity_check,6,38.26736362775167,5.849983386670013,32.953924894332886,48.27777814865112,36.881550431251526,44.672237396240234,47.91722407341003,1.0
