tool,operation,count,mean,std,min,max,p50,p90,p99,success_rate
Chemeleon,generate,5,4.3773651123046874e-05,3.009178729242701e-06,4.100799560546875e-05,4.863739013671875e-05,4.2438507080078125e-05,4.701614379882812e-05,4.8475265502929686e-05,1.0
MACE,energy,3,3.981590270996094e-05,1.1920928955078125e-06,3.8623809814453125e-05,4.100799560546875e-05,3.981590270996094e-05,4.076957702636719e-05,4.0984153747558595e-05,1.0
SMACT,validity_check,6,7.283687591552734e-05,2.0069548617390463e-05,5.650520324707031e-05,0.00011229515075683594,6.794929504394531e-05,9.167194366455078e-05,0.00011023283004760743,1.0
